"SentinelOne, Inc",,
SentinelOne Ventures LLC,,
Sentinel Labs Israel Ltd,,
"Scalyr, LLC (fka Scalyr, Inc.)",,
"Attivo Networks, LLC (fka Attivo Networks, Inc.)",,
"SentinelOne Federal, Inc.",,
Sentinel Labs Limited,,
EPP Sentinel Research Labs France SAS,,
SentinelOne Holding B.V.,,
SentinelOne B.V.,,
SentinelOne CZ s.r.o,,
SentinelOne Denmark ApS,,
SentinelOne Italy Srl,.,
SentinelOne Cybersecurity Ireland Limited,,
"SentinelOne CyberSecurity Spain, S.L.",,
bHaveToSay,,
SentinelOne Poland Sp Z o.o.,,
SentinelOne Japan KK,,
Sentinel Labs Pte Limited,,
"SentinelOne Korea, LLC",,
Sentinel Labs Australia Pty Ltd,,
"SentinelOne Costa Rica, S.R.L.",,
"SentinelOne CyberSecurity Spain, S.L.",,
"SentinelOne India Private Limited
(Dormant)",,
Attivo Networks Security India Private Limited,,
"Attivo Networks Private Limited.
(Non-operational)",,
PingSafe Private Limited.,,
PingSafe India Private Limited.,,
"PingSafe Inc.
(Dormant)",,
Stride Security Limited.,,
Observo AI,,
PinnacleOne (formerly Krebs Stamos Group):,,
"SENTINELONE (DE), INC.",/companies/us_ut/12399555-0143,"More Free And Open Company Data On SENTINELONE (DE), INC. (Utah (US), 12399555-0143)"
SENTINELONE CONSULTING & REAL ESTATE AGENCY,/companies/ca_bc/FM0851382,"More Free And Open Company Data On SENTINELONE CONSULTING & REAL ESTATE AGENCY (British Columbia (Canada), FM0851382)"
SENTINELONE CYBERSECURITY IRELAND LIMITED,/companies/ie/731910,"More Free And Open Company Data On SENTINELONE CYBERSECURITY IRELAND LIMITED (Ireland, 731910)"
"SENTINELONE DELAWARE, INC.",/companies/us_fl/F15000005074,"More Free And Open Company Data On SENTINELONE DELAWARE, INC. (Florida (US), F15000005074)"
"SENTINELONE FEDERAL, INC.",/companies/us_de/7458975,"More Free And Open Company Data On SENTINELONE FEDERAL, INC. (Delaware (US), 7458975)"
SENTINELONE VENTURES LLC,/companies/us_de/6123183,"More Free And Open Company Data On SENTINELONE VENTURES LLC (Delaware (US), 6123183)"
"SENTINELONE, INC.",/companies/us_in/201703201186823,"More Free And Open Company Data On SENTINELONE, INC. (Indiana (US), 201703201186823)"
SentinelOne B.V.,/companies/nl/78312949,"More Free And Open Company Data On SentinelOne B.V. (Netherlands, 78312949)"
SentinelOne CZ s.r.o.,/companies/cz/10844554,"More Free And Open Company Data On SentinelOne CZ s.r.o. (Czech Republic, 10844554)"
SentinelOne Denmark ApS,,
SentinelOne GmbH,,
SentinelOne Holding B.V.,,
"ＳｅｎｔｉｎｅｌＯｎｅ　Ｊａｐａｎ株式会社,""",,